name,email,gender
Phil,pfedynski0@amazon.de,Male
Ned,nalwin1@artisteer.com,Non-binary
Con,cluxmoore2@prnewswire.com,Male
Brigg,bdrohun3@tinypic.com,Male
Dennie,dnewcomb4@angelfire.com,Female
Farris,fkeneforde5@blogtalkradio.com,Male
Lindon,lbletso6@livejournal.com,Male
Dionysus,dbracher7@twitpic.com,Non-binary
Kristoffer,kdollar8@army.mil,Polygender
Kathe,kranald9@51.la,Female
Caralie,ccraydona@salon.com,Female
Iago,ivuittetb@altervista.org,Male
Cozmo,clegatc@guardian.co.uk,Male
Jana,jcastendad@upenn.edu,Female
Borden,bdepaolie@ft.com,Male
Tamas,tmcvitief@cdc.gov,Male
Salaidh,shaddintong@google.com.hk,Female
Mikey,meglingtonh@bloomberg.com,Male
Dimitri,dveazeyi@google.de,Male
Ardra,ahainj@mail.ru,Female
Tally,tbrittk@technorati.com,Male
Tarrah,tolahyl@blinklist.com,Female
Leisha,lleversham@springer.com,Female
Collette,cdigwoodn@smugmug.com,Female
Page,psiero@gravatar.com,Female
Darla,dmcarthurp@tamu.edu,Female
Melina,mchastneyq@elpais.com,Female
Jaimie,jfrancecioner@miitbeian.gov.cn,Female
Brant,bmousleys@moonfruit.com,Male
Simone,sfearneleyt@washingtonpost.com,Female
Vaughan,valdwicku@bluehost.com,Male
Dorey,dfoulcherv@bravesites.com,Male
Nevil,nmorillaw@imageshack.us,Male
Tessi,tberingerx@mysql.com,Female
Leia,lguppyy@disqus.com,Female
Pyotr,pfarniez@tripadvisor.com,Male
Bernete,bbartali10@pinterest.com,Female
Martina,mclemerson11@webmd.com,Genderfluid
Loralie,lspinney12@google.it,Female
Bealle,braymont13@topsy.com,Male
Eula,esketcher14@wunderground.com,Female
Dagny,dcollingwood15@canalblog.com,Male
Briana,bblei16@wordpress.org,Female
Patricia,pbunstone17@toplist.cz,Genderfluid
Thatch,tspleving18@vimeo.com,Male
Abraham,achesswas19@sfgate.com,Male
Fania,fjervis1a@sfgate.com,Bigender
Kahaleel,kmccrone1b@usgs.gov,Male
Raphael,rmacane1c@flavors.me,Male
Creighton,cdongall1d@vistaprint.com,Male
Cynthea,cfeatherby1e@baidu.com,Agender
Melany,mhoudmont1f@ow.ly,Female
Heida,hsedger1g@time.com,Female
Ward,wmacglory1h@cnbc.com,Male
Eldredge,esandercock1i@biblegateway.com,Male
Lily,lbrunke1j@aboutads.info,Female
Westleigh,wcolmore1k@archive.org,Male
Demetria,djiruch1l@ihg.com,Female
Garth,gandrewartha1m@cbc.ca,Male
Krissy,kdebell1n@networkadvertising.org,Female
Jess,jpelcheur1o@tumblr.com,Female
Jocelin,jvilla1p@free.fr,Female
Maia,mreisk1q@guardian.co.uk,Female
Winnie,wmcvitty1r@npr.org,Female
Kit,ksnoad1s@businessinsider.com,Female
Jessamine,jaxe1t@wired.com,Female
Phylis,pkenyam1u@i2i.jp,Female
Lukas,lgabbitus1v@examiner.com,Male
Nathanial,ngartrell1w@printfriendly.com,Male
Celinda,cbudgey1x@usda.gov,Non-binary
Bary,bharkin1y@google.ru,Male
Darcy,dbrealey1z@guardian.co.uk,Male
Tedda,tfewlass20@hhs.gov,Female
Tiphanie,taslett21@quantcast.com,Female
Celestia,cboreham22@soundcloud.com,Female
Orella,oredmond23@fc2.com,Female
Roderick,rkleinhaus24@yale.edu,Male
Lucila,leaseman25@freewebs.com,Female
Maud,mlobell26@printfriendly.com,Female
Perrine,priby27@epa.gov,Female
Morgen,mfaragan28@acquirethisname.com,Female
Arlinda,aphilott29@goodreads.com,Polygender
Llewellyn,lbulluck2a@elpais.com,Male
Baxie,blewsy2b@latimes.com,Male
Wilton,wsimeone2c@macromedia.com,Male
Lesley,ltett2d@theguardian.com,Female
Alley,abussens2e@nifty.com,Male
Dag,dmcnay2f@bluehost.com,Non-binary
Kurt,kcornillot2g@tiny.cc,Male
Arther,acarlesi2h@nydailynews.com,Male
Jethro,jbaruch2i@alibaba.com,Male
Lucila,lstrover2j@elpais.com,Non-binary
Oswald,owooffitt2k@blogs.com,Male
Bryanty,bohrt2l@fastcompany.com,Male
Margaretta,mmanton2m@sciencedirect.com,Female
Amanda,avanhove2n@stanford.edu,Female
Dionis,dcamp2o@trellian.com,Female
Erica,ehalbeard2p@themeforest.net,Female
Benton,bcuzen2q@unesco.org,Polygender
Rayna,rsalla2r@vimeo.com,Female
Winfield,wbeller2s@yahoo.co.jp,Male
Dawn,dwann2t@networksolutions.com,Female
Brade,bmaccawley2u@sogou.com,Male
Janela,jfinnan2v@weather.com,Female
Freida,ffassbindler2w@mit.edu,Female
Hector,hqueenborough2x@edublogs.org,Male
Georgie,gcurmi2y@archive.org,Male
Ronda,rkalisch2z@blogtalkradio.com,Female
Eadith,egorelli30@statcounter.com,Female
Ossie,ogoudge31@craigslist.org,Male
Romain,radamovich32@arizona.edu,Male
Amelina,aclipson33@nyu.edu,Agender
Melisande,mmckinty34@google.es,Female
Lari,lperse35@yelp.com,Agender
Kelli,komolan36@cornell.edu,Female
Nikkie,nbackshaw37@go.com,Female
Tanitansy,tfollit38@vimeo.com,Female
Blayne,bmenicomb39@newyorker.com,Male
Aldwin,arummin3a@prnewswire.com,Male
Casar,cmusso3b@last.fm,Male
Pier,pballaam3c@unblog.fr,Female
Abbe,afintoph3d@pcworld.com,Male
Dasie,dmccandless3e@indiatimes.com,Female
Beilul,bdevenny3f@goodreads.com,Female
Moise,mmedina3g@abc.net.au,Male
Allister,acesaric3h@icio.us,Male
Claudelle,clindeboom3i@sun.com,Female
Reggie,rlammert3j@scientificamerican.com,Male
Michale,mpippard3k@typepad.com,Male
Ginger,gwantling3l@skype.com,Male
Lindsy,lsawkin3m@constantcontact.com,Female
Hersch,hclarabut3n@walmart.com,Male
Alessandro,avanderkrui3o@smh.com.au,Male
Nike,nmabon3p@furl.net,Female
Cherlyn,cdomleo3q@digg.com,Female
Halsey,htite3r@gmpg.org,Male
Joela,jashurst3s@buzzfeed.com,Female
Erich,earendt3t@ucsd.edu,Male
Sheila-kathryn,sleuren3u@printfriendly.com,Female
Mignon,mkynder3v@webeden.co.uk,Female
Chester,creeveley3w@vistaprint.com,Male
Doroteya,dsoan3x@furl.net,Female
Ricca,rmauvin3y@dmoz.org,Female
Rozella,rryder3z@ed.gov,Female
Urbanus,uhazlewood40@sogou.com,Male
Paxon,posinin41@printfriendly.com,Male
Harrietta,hcollecott42@shinystat.com,Female
Sim,shallex43@flavors.me,Male
Jabez,jhaydon44@wired.com,Male
Drusie,dderby45@mtv.com,Female
Jackie,jcorkan46@webmd.com,Male
Leanna,lfoulsham47@naver.com,Female
Bridgette,bkillingbeck48@t.co,Female
Bogey,bickovici49@php.net,Male
Nikkie,nmusk4a@amazonaws.com,Female
Thurstan,tclaxson4b@flickr.com,Male
Cate,cstallard4c@hhs.gov,Female
Nissie,nmingaud4d@amazon.com,Female
Ernestus,eellacombe4e@cmu.edu,Male
Marcello,mbentinck4f@cnn.com,Male
Skipper,scalf4g@hao123.com,Male
Towney,tbellchamber4h@de.vu,Male
Nicoline,nmatuszkiewicz4i@stanford.edu,Female
Darelle,dtayler4j@ovh.net,Female
Randi,razema4k@php.net,Male
Darsey,dlissett4l@hugedomains.com,Female
Port,pbruineman4m@woothemes.com,Male
Bobbie,barrow4n@lycos.com,Female
Woodie,wgolsby4o@cloudflare.com,Genderfluid
Noble,nquinet4p@cpanel.net,Male
Man,mmacpharlain4q@chron.com,Male
Tammi,tpere4r@google.cn,Female
Ali,aofer4s@networkadvertising.org,Male
Elsy,ereimer4t@nationalgeographic.com,Agender
Tamera,tkalderon4u@nyu.edu,Female
Vic,vmasser4v@baidu.com,Male
Eal,ebielfelt4w@angelfire.com,Male
Alexandro,ajillis4x@canalblog.com,Non-binary
Sunshine,sscadden4y@jugem.jp,Female
Deina,dgillbey4z@shop-pro.jp,Female
Devonna,drand50@go.com,Female
Rayner,rshowers51@deviantart.com,Male
Stoddard,shurnell52@webmd.com,Female
Ken,kargontt53@walmart.com,Agender
Marney,mfillan54@auda.org.au,Female
Guy,gheamus55@sourceforge.net,Male
Ivette,iduke56@reference.com,Agender
Maurie,mwellfare57@nymag.com,Male
Gusta,gcasburn58@paginegialle.it,Female
Roscoe,rbolitho59@kickstarter.com,Male
Mercedes,mbernasek5a@reuters.com,Female
Hurleigh,hgoodluck5b@symantec.com,Male
Ysabel,ybrislen5c@skype.com,Female
Pembroke,plepiscopi5d@163.com,Male
Perice,pkopecka5e@bizjournals.com,Male
Pearle,pcaws5f@foxnews.com,Female
Kayne,kkensington5g@harvard.edu,Male
Phillis,palloisi5h@cocolog-nifty.com,Female
Murielle,mgarlinge5i@ftc.gov,Female
Fabio,fales5j@umich.edu,Agender
Izak,icamillo5k@yahoo.co.jp,Male
Shep,scumpsty5l@psu.edu,Male
Dorolice,dmcard5m@qq.com,Female
Adolf,arudkin5n@smh.com.au,Agender
Lorelle,lwhife5o@ebay.co.uk,Female
Gwenny,gmacmaykin5p@github.io,Genderfluid
Way,wklyner5q@cnn.com,Male
Dyane,djirousek5r@icq.com,Female
Kalinda,kchecketts5s@seattletimes.com,Female
Quint,qloveday5t@rediff.com,Male
Gwenni,gmckelvey5u@mozilla.com,Female
Viviana,vstobbart5v@sitemeter.com,Female
Madelle,mkembrey5w@hibu.com,Female
David,dmccloughlin5x@miitbeian.gov.cn,Male
Chan,cruppeli5y@nih.gov,Male
Shamus,smethringham5z@sfgate.com,Male
Morlee,mbowle60@boston.com,Non-binary
Remus,rlibbey61@mashable.com,Polygender
Clarke,csallan62@jiathis.com,Male
Pammie,pkleinhausen63@naver.com,Female
Gabriello,gslevin64@squarespace.com,Male
Gabie,gbendall65@google.ru,Female
Gran,gchopy66@github.com,Male
Tammi,tosbourne67@marriott.com,Female
Alessandra,adawltrey68@usa.gov,Female
Lucian,lpiele69@so-net.ne.jp,Agender
Toddy,tflaws6a@washington.edu,Male
Rosalind,rfenna6b@npr.org,Female
Kessia,kwatmough6c@china.com.cn,Female
Isaak,ilempke6d@mozilla.com,Male
Garrard,gtudbald6e@devhub.com,Male
Brenda,bsummerlie6f@dyndns.org,Bigender
Timothea,tollington6g@apache.org,Female
Elmer,ereihill6h@irs.gov,Male
Alison,abride6i@list-manage.com,Female
Amberly,achastey6j@sun.com,Female
Forrest,fcaldera6k@bravesites.com,Male
Maressa,mbrockherst6l@addtoany.com,Female
Patsy,pblackster6m@geocities.com,Male
Garrard,gnapton6n@xrea.com,Male
Rutledge,rjakovijevic6o@goo.gl,Male
Mikel,mstenbridge6p@blinklist.com,Male
Frank,flloydwilliams6q@ebay.co.uk,Male
Ermina,edumelow6r@zimbio.com,Female
Kerry,ksacker6s@yandex.ru,Male
Kassi,kbelfrage6t@irs.gov,Female
Isabelita,ipickavance6u@tuttocitta.it,Female
Town,taleswell6v@uol.com.br,Male
Virge,vgehrts6w@scientificamerican.com,Male
Jessy,jbramelt6x@nifty.com,Female
Gigi,gmerkle6y@who.int,Female
Blair,bskeeles6z@npr.org,Female
Erika,esimonnet70@pinterest.com,Female
Ellyn,edalley71@cdc.gov,Female
Andrej,abourcq72@mapquest.com,Male
Robyn,rlampe73@acquirethisname.com,Female
Belle,bferminger74@examiner.com,Female
Audrie,agriggs75@w3.org,Female
Nealson,nboolsen76@dedecms.com,Male
Kurtis,kciubutaro77@army.mil,Male
Rhys,rricharson78@blinklist.com,Male
Jason,jstack79@timesonline.co.uk,Male
Gilbertine,groels7a@yellowpages.com,Female
Marmaduke,mnulty7b@state.tx.us,Male
Diann,dgosden7c@zimbio.com,Female
Cassie,ctuffell7d@bandcamp.com,Male
Elnore,emckirdy7e@chicagotribune.com,Female
Gertrude,gbeynon7f@blinklist.com,Female
Cara,cburwell7g@army.mil,Female
Tallia,tfeasby7h@ibm.com,Female
Flore,fjellicorse7i@booking.com,Female
Jena,jbrigstock7j@zdnet.com,Female
Margalo,mgleder7k@spotify.com,Female
Ivette,ischlag7l@vk.com,Female
Karlotte,kgoodrick7m@wp.com,Female
Bourke,bmurrthum7n@columbia.edu,Male
Fan,fweymouth7o@slashdot.org,Female
Hal,hletts7p@fda.gov,Male
Felicle,fivanenkov7q@umich.edu,Agender
Brodie,bbartkiewicz7r@123-reg.co.uk,Male
Robbyn,rmasserel7s@pinterest.com,Female
Chantalle,cmanssuer7t@amazon.co.uk,Female
Duffie,dfurniss7u@un.org,Male
Conny,cparbrook7v@miibeian.gov.cn,Female
Kettie,kmuge7w@elpais.com,Female
Lucien,lconner7x@cdbaby.com,Male
Kacie,kpaszek7y@mlb.com,Female
Frasco,fmckague7z@loc.gov,Male
Moll,mpinching80@pen.io,Genderfluid
Glyn,gcavendish81@shinystat.com,Male
Carl,cgarrod82@wunderground.com,Male
Jaymie,jsollas83@naver.com,Male
Julianna,jdutton84@wikimedia.org,Female
Kylie,kvaughanhughes85@harvard.edu,Female
Garrard,gormistone86@kickstarter.com,Male
Isabella,iantal87@sbwire.com,Female
Keir,krichardes88@addthis.com,Male
Miller,mradmer89@chronoengine.com,Male
Hendrika,hleahy8a@psu.edu,Female
Brannon,blohrensen8b@ca.gov,Male
Dionne,docheltree8c@seattletimes.com,Female
Diena,dhadwen8d@constantcontact.com,Female
Delmar,droth8e@yellowbook.com,Male
Jonie,jtarburn8f@berkeley.edu,Female
Jaclin,jscarse8g@pbs.org,Female
Dud,djesse8h@cafepress.com,Male
Vonni,vpeever8i@diigo.com,Female
Dusty,dtrowsdall8j@google.co.jp,Female
Maudie,mheinsh8k@squidoo.com,Polygender
Shane,sbriat8l@sphinn.com,Male
Hamil,haddie8m@huffingtonpost.com,Male
Bogey,bcolquete8n@whitehouse.gov,Male
Benetta,brudd8o@jalbum.net,Female
Marin,mkidstoun8p@networkadvertising.org,Bigender
Heidi,hstachini8q@ox.ac.uk,Agender
Dominick,ddomm8r@amazon.co.uk,Male
Nefen,nyurocjhin8s@europa.eu,Male
Raymond,rfisk8t@drupal.org,Male
Egan,evango8u@instagram.com,Male
Darin,dcusted8v@51.la,Male
Daryle,dmallalieu8w@wsj.com,Male
Denver,dmcknockiter8x@clickbank.net,Male
Myrta,mdolden8y@clickbank.net,Female
Linzy,lromans8z@usa.gov,Female
Lion,ldraper90@vistaprint.com,Male
Alaine,ameneyer91@weebly.com,Female
Nata,njoselevitch92@hugedomains.com,Female
Marjory,mmactrusty93@photobucket.com,Female
Tanney,thadingham94@youtu.be,Male
Jarrod,jakenhead95@yahoo.com,Male
Juline,jscanes96@ca.gov,Female
Olly,otennant97@aboutads.info,Female
Micky,mjex98@ebay.co.uk,Male
Hewet,hwagstaffe99@home.pl,Male
Sargent,sgarn9a@kickstarter.com,Male
Gleda,grampton9b@tumblr.com,Female
Bill,bcounsell9c@usgs.gov,Male
Rorke,rsandels9d@accuweather.com,Male
Ingar,igilley9e@oakley.com,Male
Korey,kjellings9f@smugmug.com,Male
Giacomo,gdonke9g@desdev.cn,Male
Dani,dmeco9h@census.gov,Female
Delmore,dblakely9i@bloglines.com,Male
Coraline,csturney9j@squidoo.com,Female
Joyce,jcassie9k@rambler.ru,Female
Stillman,schicotti9l@marketwatch.com,Polygender
Lilyan,ldefont9m@paypal.com,Female
Donal,dmitcheson9n@pen.io,Male
Godiva,gcampelli9o@plala.or.jp,Female
Anni,aector9p@sina.com.cn,Female
Stu,smaccracken9q@a8.net,Male
Milissent,mjaime9r@woothemes.com,Female
Archibaldo,asampey9s@stumbleupon.com,Male
Sloan,spickervance9t@hhs.gov,Male
Lina,lmoffat9u@ezinearticles.com,Female
Royal,radin9v@nsw.gov.au,Male
Cahra,cmckleod9w@mac.com,Genderqueer
Garrek,ggodlip9x@nationalgeographic.com,Male
Lura,lschafer9y@nymag.com,Female
Malissia,mtrussman9z@odnoklassniki.ru,Female
Nikolas,nnorsistera0@g.co,Male
Fernandina,fpollera1@icio.us,Female
Sharline,sjoselovitcha2@biglobe.ne.jp,Female
Skye,siczokvitza3@cdbaby.com,Male
Jaquith,jdaddsa4@wired.com,Female
Anjanette,abilberya5@miibeian.gov.cn,Genderfluid
Delainey,dhobbena6@berkeley.edu,Male
Abby,ajosskowitza7@histats.com,Male
Janos,jcrocka8@addthis.com,Male
Ingar,imckeurtana9@nifty.com,Male
Shanon,sfrankaa@youtube.com,Female
Danya,dglynnab@unblog.fr,Female
Deane,dmussottiac@youtu.be,Male
Aigneis,apetrilload@rediff.com,Female
Marius,mkaleyae@nasa.gov,Male
Franzen,frickardesaf@yolasite.com,Male
Gregg,gwilseyag@flickr.com,Male
Cinda,cmanhoodah@illinois.edu,Female
Shell,sricartai@statcounter.com,Female
Glenda,gchallensaj@chronoengine.com,Female
Roxine,rkoselak@jimdo.com,Female
Hyacinth,halvaral@list-manage.com,Female
Orelee,oneevesam@whitehouse.gov,Female
Thomasa,tmistryan@free.fr,Female
D'arcy,dkelleao@mtv.com,Male
Natka,ndandyap@wordpress.org,Female
Jackelyn,jbrevetoraq@ucsd.edu,Female
Dorelle,dcockerellar@merriam-webster.com,Female
Clemmie,cjendrysas@hostgator.com,Male
Vidovik,vmoxleyat@cisco.com,Male
Granthem,gcableau@cbsnews.com,Male
Gregory,glyardav@ow.ly,Non-binary
Walden,wserchwellaw@eepurl.com,Male
Berta,bchevisax@webs.com,Female
Lanie,lcarahay@elegantthemes.com,Female
Chiarra,cgoosnellaz@mail.ru,Female
Geoff,gjakuboviczb0@icq.com,Male
Rochelle,rheggsb1@statcounter.com,Female
Kinnie,khunterb2@omniture.com,Male
Kipp,kraddishb3@sogou.com,Male
Dore,dgrationb4@washingtonpost.com,Male
Tasha,thawthornb5@google.ru,Female
Delano,dmarshfieldb6@opensource.org,Male
Eunice,esouttarb7@jigsy.com,Female
Mersey,mduthyb8@house.gov,Female
Ofella,omcilwraithb9@example.com,Female
Yankee,ytomkysba@feedburner.com,Male
Lon,ljochenbb@tripadvisor.com,Genderfluid
Birgitta,bashbornbc@posterous.com,Female
Taylor,tmaccaullbd@businessinsider.com,Male
Goober,gpridebe@ft.com,Male
Gaynor,gshippardbf@cornell.edu,Female
Petronille,pbernhardssonbg@google.com,Female
Rudolph,rdewittbh@yelp.com,Male
Tripp,tbricketbi@bizjournals.com,Male
Malissia,mperigoebj@stumbleupon.com,Female
Brigg,bbohlingolsenbk@prweb.com,Male
Noland,nitzhakbl@utexas.edu,Male
Halsy,hmayoralbm@csmonitor.com,Male
Shaw,sbonsonbn@tripadvisor.com,Male
Allistir,apaulinbo@cisco.com,Male
Smitty,shalbordbp@upenn.edu,Male
Robbert,rhinemoorbq@acquirethisname.com,Male
Nikolaos,nbrikbr@cisco.com,Male
Bobby,btappingtonbs@sphinn.com,Male
Burr,bbyfordbt@squidoo.com,Male
Hansiain,hbecombu@photobucket.com,Male
Kirsten,kmalsterbv@bluehost.com,Female
Ax,alomenbw@godaddy.com,Male
Quincey,qsealovebx@ehow.com,Male
Faunie,ftrippettby@symantec.com,Female
Charita,cmatthiesenbz@theatlantic.com,Female
Pancho,phixleyc0@hhs.gov,Male
Jud,jspadellic1@china.com.cn,Male
Liza,lsympsonc2@mediafire.com,Female
Rubetta,rmenaultc3@cocolog-nifty.com,Female
Georgine,gwanstallc4@furl.net,Non-binary
Jerri,jgunnerc5@blogtalkradio.com,Male
Inessa,ipinkc6@pagesperso-orange.fr,Female
Birgit,bmilbornc7@virginia.edu,Female
Vincenz,vevec8@timesonline.co.uk,Male
Maire,msalwayc9@google.co.uk,Female
Brod,bcarsonca@fc2.com,Male
Isidoro,igaukrogercb@google.nl,Male
Bondon,bcashleycc@google.ca,Male
Karlens,kgodwyncd@usnews.com,Male
Nesta,nkarpce@scribd.com,Female
Gabriello,gmealhamcf@oaic.gov.au,Male
Mattheus,mrosenbergcg@dell.com,Male
Amos,akraftch@eepurl.com,Male
Torey,tbiltonci@vimeo.com,Male
Cecil,cchallisscj@discuz.net,Male
Jelene,jjoronck@fema.gov,Female
Dehlia,dprestoncl@jiathis.com,Female
Tadeas,tmcilmorowcm@si.edu,Male
Rosanna,rslowgravecn@cloudflare.com,Genderqueer
Steffi,scroughanco@tumblr.com,Female
Aurel,apearsecp@apple.com,Female
Carey,csnibsoncq@theglobeandmail.com,Female
Ivonne,imathiotcr@moonfruit.com,Female
Lise,lconfortcs@miitbeian.gov.cn,Female
Jessalin,jkeslakect@webmd.com,Female
Liv,lstermancu@lulu.com,Polygender
Leesa,lsheehycv@blogspot.com,Female
Tania,tbarrowscw@nymag.com,Female
Ardra,agrimmcx@narod.ru,Female
Dulcia,dbottelstonecy@purevolume.com,Female
Tomasina,tdradeycz@de.vu,Female
Nial,nsaleryd0@oakley.com,Male
Kristina,kvearnalsd1@mayoclinic.com,Female
Glenna,gmuddimand2@shinystat.com,Female
Valida,vtopingd3@sbwire.com,Female
Jayme,jairdd4@github.io,Male
Pru,pyoulesd5@ustream.tv,Female
Mortie,mstobied6@vkontakte.ru,Male
Deloria,dsemechikd7@over-blog.com,Female
Denna,dgethynd8@senate.gov,Female
Mikel,mheugled9@sbwire.com,Male
Beverlee,bgalloda@wp.com,Female
Irving,iboullendb@amazon.de,Male
Philomena,plivickdc@tinyurl.com,Female
Lory,lsabathedd@biglobe.ne.jp,Female
Tricia,tphilde@epa.gov,Female
Natalie,nmcfauldf@icio.us,Female
Zandra,zcholertondg@narod.ru,Female
Barby,bkenryddh@google.nl,Female
Yetty,yhouseleydi@ovh.net,Female
Artemis,atitcumbdj@aol.com,Male
Sig,sewolsdk@phpbb.com,Male
Broderic,bbrosiusdl@utexas.edu,Male
Herold,hfrenschedm@nyu.edu,Male
Brnaby,bblindmanndn@naver.com,Male
Britt,bchaldecottdo@tinypic.com,Female
Barnaby,bfaransdp@jimdo.com,Male
Vernon,vdavidovedq@desdev.cn,Male
Judi,jguppeydr@instagram.com,Female
Axel,aparadineds@dedecms.com,Male
Quentin,qcoggingsdt@multiply.com,Male
Sigismundo,smarginsondu@java.com,Male
Ugo,uhallumsdv@mac.com,Male
Martelle,myegorshindw@businessweek.com,Female
Levin,lcleatordx@g.co,Male
Jim,jgariedy@cbsnews.com,Male
Scotty,sphillputdz@e-recht24.de,Male
Trisha,tmorphewe0@uol.com.br,Female
Tessi,tskeldingee1@dedecms.com,Female
Molli,mmonteithe2@hc360.com,Female
Robers,rleipelte3@webeden.co.uk,Male
Herschel,hflickere4@homestead.com,Male
Delbert,dlambrechtse5@nytimes.com,Male
Lina,lgowerse6@google.co.jp,Female
Ruby,rnixe7@jigsy.com,Male
Caterina,clameye8@dot.gov,Female
Grace,gtuffeye9@simplemachines.org,Male
Zara,zkuschaea@microsoft.com,Female
Richardo,rproschkeeb@youtu.be,Male
Chloe,caindraisec@unicef.org,Female
Benedetto,bmolaned@rediff.com,Male
Constantine,caddekinee@yelp.com,Male
Hortense,hmethvenef@domainmarket.com,Bigender
Lauren,lsimonicheg@creativecommons.org,Female
Xylia,xstoyleeh@blogspot.com,Female
Brinna,balywinei@over-blog.com,Female
Thalia,tlorenziniej@xinhuanet.com,Female
Carver,cdowmanek@ebay.com,Male
Edlin,ecorishel@stumbleupon.com,Male
Tadio,tdraperem@discovery.com,Male
Nannie,nrubbensen@joomla.org,Female
Remington,rjeavoneo@businessinsider.com,Male
Jilli,jraundsep@apple.com,Female
Shari,sswatoneq@patch.com,Female
Katharine,kkaubleer@usda.gov,Female
Brenna,bwyliees@msn.com,Female
Bobine,bmuffinet@forbes.com,Female
Mireille,mcreiganeu@toplist.cz,Female
Konstantin,kspittallev@sakura.ne.jp,Male
Jack,jmcgurnew@diigo.com,Male
Dun,dcrellinex@bloglines.com,Male
Adams,atoffolettoey@bbb.org,Agender
Levey,lslaghtez@scientificamerican.com,Male
Magda,mmcgarrityf0@samsung.com,Female
Lilyan,lbrameldf1@unesco.org,Female
Menard,mnotleyf2@ucoz.ru,Male
Pammie,pmcmonniesf3@theguardian.com,Female
Ardeen,athingf4@loc.gov,Female
Sargent,snewlandf5@slashdot.org,Male
Tait,tsnodayf6@sbwire.com,Male
Pamelina,pgorettif7@csmonitor.com,Female
Sibyl,sjeromef8@intel.com,Female
Gennie,gbrooksbief9@meetup.com,Female
Say,sterbrugfa@cisco.com,Male
Daffi,dtebbuttfb@ebay.com,Female
Niel,nnewellfc@free.fr,Male
Leonerd,lyellowleefd@drupal.org,Male
Raf,rwoolagerfe@skype.com,Female
Kata,kbodimeadeff@omniture.com,Female
Melesa,mhazeltonfg@mediafire.com,Female
Gwynne,gcotterellfh@hubpages.com,Female
Layla,ltallachfi@imdb.com,Female
Lammond,lwodhamfj@shop-pro.jp,Male
Faustine,fgrattanfk@topsy.com,Female
Minna,mdartnellfl@ucsd.edu,Female
Netty,nsiderfinfm@blogspot.com,Bigender
Tobie,tstanierfn@lulu.com,Male
Allsun,apeyefo@springer.com,Female
Lucais,lstansellfp@uol.com.br,Male
Sean,sstannerfq@nationalgeographic.com,Female
Kacie,kpinningtonfr@hubpages.com,Female
Leonelle,lstebbingsfs@google.es,Female
Isadora,irosenkrantzft@artisteer.com,Female
Ario,amcilheranfu@cmu.edu,Male
Vernice,vpaulssonfv@google.ru,Female
Donna,dbluntfw@eventbrite.com,Female
Angele,aoldeyfx@mlb.com,Female
Opal,ograshafy@buzzfeed.com,Female
Ursula,ukrinkfz@soundcloud.com,Female
Maye,mgianolog0@businesswire.com,Female
Kristy,ktreeceg1@t.co,Female
Rea,rmorenog2@mac.com,Female
Prescott,phaenselg3@yahoo.co.jp,Male
Corrinne,cgiacomettig4@eepurl.com,Female
Harmonie,hepiletg5@liveinternet.ru,Female
Hy,hmorriceg6@51.la,Male
Dulcie,dmitchelyg7@intel.com,Female
Kalle,kcudbirdg8@wix.com,Male
Lucho,lallinghamg9@blogtalkradio.com,Male
Blancha,bugoga@quantcast.com,Female
Danya,darstallgb@nps.gov,Male
Jared,jaggsgc@about.me,Male
Ed,eharroldgd@nih.gov,Male
Lidia,ldutnallge@gnu.org,Bigender
Breanne,breedickgf@macromedia.com,Female
Ruddie,rridsdellgg@mail.ru,Male
Emlen,ekinsellagh@discuz.net,Polygender
Constantine,cwarrengi@livejournal.com,Female
Claudina,cthickingj@barnesandnoble.com,Female
Miriam,mchaplinggk@ezinearticles.com,Female
Cullin,cglanvillgl@nba.com,Male
Anestassia,amaestrogm@cpanel.net,Female
Lesly,ldelislegn@w3.org,Female
Killian,kplaicego@umn.edu,Male
Fidelity,fdillinghamgp@businessinsider.com,Female
Stacy,sbraziergq@google.cn,Male
Domini,dpetofigr@sourceforge.net,Female
Terrye,tmerwoodgs@fema.gov,Female
Merrill,mhutsbygt@hp.com,Male
Thedrick,theliangu@prlog.org,Male
Neal,nhegertygv@guardian.co.uk,Male
Nye,nfaveygw@deliciousdays.com,Male
Orion,ohutchingx@nyu.edu,Genderfluid
Willie,wforsydegy@abc.net.au,Female
Frasquito,fballintynegz@reverbnation.com,Male
Gerrie,ggoltonh0@mapquest.com,Female
Jon,jgarletth1@twitter.com,Genderfluid
Amabel,arisingh2@engadget.com,Female
Fernande,fmarchanth3@ucoz.com,Female
Erl,emoriganh4@hatena.ne.jp,Male
Alexandro,alefleyh5@theglobeandmail.com,Male
Marianna,mcramph6@wordpress.org,Female
Maddy,mmingeth7@feedburner.com,Female
Cori,ccranchh8@dailymotion.com,Male
Lucie,lscreaseh9@example.com,Female
Terry,tmarrha@state.gov,Female
Gamaliel,gsawneyhb@163.com,Male
Alden,adiniscohc@tinypic.com,Male
Marc,mpudsallhd@mtv.com,Male
Theodore,tswinfonhe@ft.com,Male
Kalila,klockheadhf@uiuc.edu,Female
Constancia,cantonowiczhg@ox.ac.uk,Female
Ernest,erottenburyhh@topsy.com,Male
Shannon,spatrichehi@house.gov,Male
Carolynn,cizathj@usa.gov,Female
Meris,mtenderhk@redcross.org,Female
Therese,tgarbarhl@usa.gov,Female
Olivette,ogypsonhm@sohu.com,Agender
Ryley,rbrookwellhn@icio.us,Non-binary
Anderson,amorridho@yale.edu,Male
Abbott,afilshinhp@hexun.com,Male
Wenona,wclaybornhq@tripadvisor.com,Female
Daphna,dtearlehr@so-net.ne.jp,Female
Arnie,alongfellowhs@gmpg.org,Male
Jarred,jkaubischht@vimeo.com,Male
Rod,rivainhu@macromedia.com,Male
Clark,cdeverillehv@infoseek.co.jp,Male
Carly,cdaniauhw@bbb.org,Male
Locke,lblasonihx@newyorker.com,Male
Sheena,swarderhy@dot.gov,Female
Florrie,fspridgenhz@pcworld.com,Non-binary
Idette,ifairbrassi0@mysql.com,Female
Melodie,mrodmelli1@marriott.com,Female
Micki,mfeldhuhni2@booking.com,Female
Dolli,dchasteaui3@nih.gov,Genderfluid
Alidia,ahallami4@spiegel.de,Female
Paulina,ppycocki5@cpanel.net,Female
Bary,bbessoni6@geocities.jp,Male
Zarah,zhoonahani7@photobucket.com,Female
Gideon,ghaygreeni8@jalbum.net,Non-binary
Terrill,thandroki9@rediff.com,Male
Rollins,rlamputtia@mayoclinic.com,Male
Lauren,lcowperthwaiteib@clickbank.net,Male
Andres,apriveric@google.co.uk,Male
Winston,wblagbroughid@seesaa.net,Male
Kitti,kstalfie@blog.com,Female
Fidel,fsilversmidif@discovery.com,Male
Gardner,ggoulyig@ucoz.com,Bigender
Claudell,cdalwoodih@un.org,Male
Roxi,rsemirasii@homestead.com,Female
Gabriella,gsackettij@hud.gov,Female
Jasper,jhutcheonsik@artisteer.com,Male
Letitia,lsaleil@arstechnica.com,Female
Wyatan,wbysakerim@about.com,Male
Beckie,bdahlbergin@cnbc.com,Female
Crissie,ccescotio@mit.edu,Female
Lorianna,lsearchip@surveymonkey.com,Female
Lind,lcaganiq@blogtalkradio.com,Male
Theodore,tspencelayhir@jiathis.com,Male
Mora,mtrusseis@cafepress.com,Female
Coraline,cmayhewit@go.com,Female
Anestassia,abowlandiu@ehow.com,Female
Mirilla,mlewendoniv@apple.com,Female
Teressa,tkrimmeriw@chicagotribune.com,Female
Dougy,dcutajarix@tiny.cc,Genderfluid
Nicolis,nmackaigiy@ihg.com,Male
Quincy,qbullersiz@multiply.com,Male
Bengt,bjansonj0@yolasite.com,Male
Lizabeth,lmuccij1@simplemachines.org,Female
Livia,lfilovj2@toplist.cz,Female
Kennie,kwoodingj3@wunderground.com,Male
Kin,kklewerj4@amazon.de,Male
Eleanor,eotoweyj5@goodreads.com,Female
Jerrold,jmccannj6@360.cn,Male
Barton,bsaltmarshj7@soup.io,Male
Archer,afawcittj8@biblegateway.com,Male
Gerrard,ghallumsj9@dailymotion.com,Male
Marris,mbarkeja@examiner.com,Female
Merissa,molfordjb@biglobe.ne.jp,Female
Eden,ejillsjc@flavors.me,Non-binary
Packston,panningjd@t-online.de,Male
Korry,khattiffje@yellowbook.com,Female
Gaston,glexajf@multiply.com,Male
Elliott,etylerjg@ning.com,Male
Burke,bnetherwoodjh@nbcnews.com,Male
Jehanna,jstannersji@eventbrite.com,Female
Terrie,tgoodludjj@google.nl,Female
Rustin,rsnewinjk@geocities.com,Male
Veronique,voriordanjl@amazonaws.com,Female
Adara,apieperjm@sakura.ne.jp,Female
Archibald,agladtbachjn@stumbleupon.com,Male
Hilly,hcathenodjo@uiuc.edu,Male
Maurine,mallibonejp@census.gov,Female
Oberon,omeighanjq@jugem.jp,Male
Harman,hsambathjr@state.gov,Male
Cirillo,cdowjs@businessinsider.com,Agender
Ellerey,ericksjt@time.com,Male
Weston,wmcgibbonju@reddit.com,Male
Anissa,amallamjv@wix.com,Female
Ettore,epowysjw@theguardian.com,Male
Ingra,ifallowsjx@istockphoto.com,Male
Archy,abraziljy@fc2.com,Male
Nevil,nitzhakijz@washington.edu,Male
Debby,dreaveleyk0@ebay.co.uk,Female
Shermy,sgoadek1@army.mil,Male
Gerry,gbarffordk2@sciencedaily.com,Female
Michaelina,mwiddupk3@etsy.com,Female
Nadia,nlandreank4@microsoft.com,Female
Dalenna,dtonksk5@google.ru,Female
Katrina,kthickinsk6@shop-pro.jp,Agender
Amandy,askeermerk7@businessinsider.com,Female
Orlan,olemarquandk8@nature.com,Male
Bibbie,bhutchensk9@e-recht24.de,Female
Miran,mlacotteka@canalblog.com,Female
Lillis,ltowsiekb@statcounter.com,Female
Ddene,dgoodallkc@google.ru,Female
Sheryl,splayfairkd@instagram.com,Female
Aleen,aeldinke@webeden.co.uk,Female
Karita,kbeedomkf@blogs.com,Female
Mickey,mnaismithkg@mapquest.com,Male
Fancy,fbilofskykh@yale.edu,Female
Shurwood,ssimonaitiski@weather.com,Male
Moishe,mcastletonkj@craigslist.org,Non-binary
Nealson,nhoulthamkk@google.it,Male
Clea,cmcclearykl@trellian.com,Female
Tamarra,tdebeauchampkm@nature.com,Female
Brnaby,brabjohnskn@wp.com,Genderqueer
Dean,ddundonko@google.es,Non-binary
Roseanne,rmaclachlankp@aboutads.info,Female
Gratia,gfitchewkq@people.com.cn,Female
Teodor,tlemarchandkr@yellowpages.com,Male
Frank,fbrevetorks@mozilla.org,Female
Rollie,rnozzoliniikt@twitpic.com,Male
Hartley,hmaccoveneyku@twitpic.com,Male
Shelley,swarrattkv@quantcast.com,Female
Currey,cwisonkw@bloglines.com,Male
Garek,gcapelinkx@networkadvertising.org,Male
Lynnet,lcowlamky@friendfeed.com,Female
Corby,cheiferkz@tripadvisor.com,Male
Eugenia,etwoohyl0@paginegialle.it,Female
Simon,smaryinl1@angelfire.com,Male
Tiffani,tdenevel2@apple.com,Female
Gerrie,groscowl3@senate.gov,Male
Burlie,bchastandl4@topsy.com,Male
Katlin,kethertonl5@dropbox.com,Female
Carlie,cbentsenl6@meetup.com,Male
Arnoldo,aleedesl7@state.gov,Male
Findlay,fhogsdenl8@unicef.org,Male
Laurianne,lmoninil9@alexa.com,Female
Stan,sreganla@cafepress.com,Male
Doroteya,dpattonlb@theguardian.com,Female
Jacinta,jboudalc@twitpic.com,Female
Sim,shanleyld@bluehost.com,Male
Caro,cveldele@washingtonpost.com,Female
Laird,larnoldilf@deviantart.com,Male
Jenine,jbeagenlg@dropbox.com,Female
Desiri,dgambrelllh@ezinearticles.com,Female
Meagan,mwanleyli@studiopress.com,Female
Corty,cdeamerlj@dion.ne.jp,Male
Sashenka,sbridgnelllk@accuweather.com,Female
Danyelle,dcrainll@java.com,Female
Gwennie,gharrildlm@mediafire.com,Female
Randie,rinottln@japanpost.jp,Male
Zolly,zpedronilo@pagesperso-orange.fr,Male
Royce,rmacsweeneylp@indiegogo.com,Male
Tabb,tmandifieldlq@wisc.edu,Male
Mollie,mthrosselllr@miitbeian.gov.cn,Female
Shep,slabbezls@nymag.com,Male
Paige,ppointinglt@soundcloud.com,Bigender
Aubine,amourantlu@google.cn,Female
Quinlan,qkaygilllv@goo.gl,Male
Fanchette,fhassalllw@tripadvisor.com,Female
Ulrich,ustuartlx@csmonitor.com,Male
Lind,ldightly@earthlink.net,Male
Sophia,spiperlz@webmd.com,Female
Tremaine,tkilfetherm0@imgur.com,Male
Analise,amackailem1@plala.or.jp,Female
Jennine,jhattrickm2@geocities.com,Female
Lowrance,lreppm3@wikispaces.com,Male
Kendricks,kcrumbleholmem4@fema.gov,Male
Jessalyn,jeassonm5@nba.com,Female
Keith,kdeaguirrem6@1und1.de,Male
Berk,bschrirm7@hp.com,Male
Marco,mgaynsfordm8@time.com,Male
Micky,mgailm9@webeden.co.uk,Female
Orion,obeechcraftma@fc2.com,Male
Dedra,dvenablemb@auda.org.au,Female
Burch,bnoblettmc@amazon.co.jp,Bigender
Johnathon,jrizziellomd@census.gov,Male
Lyndsay,lpattersonme@noaa.gov,Female
Natal,nyaninmf@prweb.com,Non-binary
Cathee,cpoteburymg@twitpic.com,Female
Holt,hgravesmh@dailymotion.com,Male
Lisha,lfaintmi@dedecms.com,Genderqueer
Hayyim,hcappellmj@cloudflare.com,Male
Cassy,cmacgeaneymk@naver.com,Female
Gilli,ggaizeml@hc360.com,Female
Winfield,wdunbarmm@shop-pro.jp,Male
Gustie,ggoaremn@soup.io,Female
Hilliard,hkermathmo@domainmarket.com,Male
Dedra,dlongstaffmp@nyu.edu,Female
Cob,cgraundissonmq@addthis.com,Male
Geordie,ghallowellmr@spiegel.de,Male
Elyn,edibbertms@artisteer.com,Female
Nadeen,nhalksworthmt@blogtalkradio.com,Female
Liliane,lziemsenmu@cpanel.net,Female
Brendon,bpughsleymv@webeden.co.uk,Male
Gerda,gmcteggartmw@redcross.org,Female
Stu,sfarakermx@cpanel.net,Male
Mack,mtrustriemy@yandex.ru,Male
Wang,wianillimz@delicious.com,Male
Heda,haimablen0@senate.gov,Female
Lemar,lmullenn1@webs.com,Male
Yvette,yrobunn2@privacy.gov.au,Female
Bastian,bgriefn3@ehow.com,Male
Correna,ckeasleyn4@cloudflare.com,Female
Russ,rarchbaldn5@buzzfeed.com,Male
Quintana,qkemmishn6@ow.ly,Female
Dora,dnunann7@google.co.uk,Female
Anneliese,acowlinn8@stumbleupon.com,Female
Emelina,eatcockn9@reference.com,Female
Sarette,sdallawayna@photobucket.com,Female
Reinhard,rredonnb@linkedin.com,Male
Gleda,grayntonnc@nbcnews.com,Female
Ethelind,ecorrinnd@dropbox.com,Female
Tristam,traistrickne@netvibes.com,Male
Ilysa,imerrileesnf@nbcnews.com,Female
Glen,gclorleyng@thetimes.co.uk,Male
Gertrud,gaphalenh@macromedia.com,Female
Hammad,hbatherni@163.com,Male
Quinton,qcroannj@smugmug.com,Male
Rowland,rkidstonnk@jalbum.net,Male
Clarke,cpawlicknl@va.gov,Male
Ardisj,amanssuernm@earthlink.net,Female
Byrle,bbrocklesbynn@jiathis.com,Male
Torrey,tdemeno@privacy.gov.au,Male
Wyatt,wwacenp@loc.gov,Male
Siffre,ssunmannq@admin.ch,Male
Korella,kbevensnr@salon.com,Female
Chevy,ckearleyns@whitehouse.gov,Male
Demott,dtonrynt@google.de,Male
Kerstin,kconroynu@blogtalkradio.com,Female
Niall,npalphramandnv@storify.com,Male
Alden,aspencleynw@gnu.org,Male
Alvina,asouthwicknx@networkadvertising.org,Female
Shepard,smullaneny@printfriendly.com,Male
Marylynne,mboeckenz@sohu.com,Female
Clifford,cmatteso0@amazon.de,Male
Jean,jadano1@bbc.co.uk,Female
Karlie,kgerritzeno2@salon.com,Female
Eydie,echeeswortho3@hostgator.com,Female
Tedman,tpalfreymano4@quantcast.com,Male
Beitris,bstuchburyo5@goo.ne.jp,Female
Lyda,lcaesaro6@japanpost.jp,Female
Bunny,blasseno7@npr.org,Female
Parrnell,ppointono8@indiegogo.com,Genderqueer
Lynda,lkrienkeo9@disqus.com,Female
Erena,eduplockoa@whitehouse.gov,Female
Nanon,nheberob@github.io,Female
Frederik,feagleshamoc@google.it,Male
Ritchie,rrawlynsod@ucla.edu,Male
Hartley,hritmeyeroe@seesaa.net,Male
Courtney,cautonof@about.me,Male
Parsifal,pkirscheog@hc360.com,Male
Benson,bvandeveldeoh@jugem.jp,Male
Ber,bstoiteoi@vkontakte.ru,Male
Chandal,cbrewoj@reddit.com,Female
Claudell,csurteesok@tuttocitta.it,Male
Bill,blupartiol@bandcamp.com,Female
Boyce,bdainesom@flavors.me,Male
Corrina,cvreibergon@multiply.com,Bigender
Cloe,cbownessoo@rambler.ru,Female
Monica,mcastanaresop@virginia.edu,Genderfluid
Talia,trotherhamoq@nymag.com,Female
Sheilah,sfitchettor@nymag.com,Female
Dewey,dcheineos@sun.com,Polygender
Roddie,rferrettiot@ehow.com,Polygender
Brok,bmcguaneou@edublogs.org,Male
Chrissy,cpleassov@yale.edu,Female
Georgeanne,glodemannow@lycos.com,Female
Dierdre,dwaycotox@shinystat.com,Female
Rania,rgatlinoy@china.com.cn,Female
Eleanore,ehowmanoz@ustream.tv,Female
Elysee,esawyersp0@godaddy.com,Female
Horatio,hgudgenp1@timesonline.co.uk,Male
Shani,sreadmirep2@sourceforge.net,Genderqueer
Cammy,cwisherp3@last.fm,Female
Normy,nabbysp4@miibeian.gov.cn,Male
Garv,gluneyp5@t-online.de,Agender
Selina,sredsallp6@ox.ac.uk,Female
Bobinette,bripponp7@umn.edu,Female
Lamont,lgoblep8@house.gov,Male
Hew,hvardonp9@dmoz.org,Male
Javier,jwickeypa@alibaba.com,Male
Kylen,kmaffionepb@seattletimes.com,Female
Rodi,rkettlestringpc@shinystat.com,Female
Rooney,ryarrallpd@paginegialle.it,Male
Sidonia,spieterickpe@jimdo.com,Female
Lovell,ljosephoffpf@psu.edu,Male
Fabe,fphysickpg@shareasale.com,Male
Christal,cjanaszkiewiczph@pbs.org,Female
Antonino,aroggieripi@phpbb.com,Male
Candida,ckleepj@dropbox.com,Female
Germain,gmcquadepk@instagram.com,Male
Caty,cpauleitpl@hc360.com,Female
Gabriel,ggreenwoodpm@slate.com,Male
Laurianne,lelphpn@constantcontact.com,Female
Errick,emahoodpo@elpais.com,Non-binary
Donica,ddibbertpp@princeton.edu,Female
Hall,htresisepq@army.mil,Genderfluid
Shea,smattkepr@adobe.com,Female
Clara,cgheraldips@altervista.org,Genderqueer
Marybeth,mbonnetpt@dedecms.com,Female
Tadeas,tfirmagepu@house.gov,Genderqueer
Griswold,griedigerpv@t-online.de,Male
Sherri,slannenpw@moonfruit.com,Female
Gavin,glorentzenpx@google.es,Genderfluid
Shermie,sgillanderspy@feedburner.com,Male
Davina,dgriegerpz@ifeng.com,Female
Evvie,ehedworthq0@naver.com,Genderqueer
Amerigo,aswinburnq1@reverbnation.com,Male
Marcella,mzellnerq2@va.gov,Female
Elmore,ewooldridgeq3@hexun.com,Male
Chiquia,chukinsq4@spotify.com,Genderfluid
Nataniel,nfigguresq5@skyrock.com,Male
Melisenda,mstoylesq6@devhub.com,Female
Truda,twykesq7@spiegel.de,Female
Spencer,segiloffq8@weibo.com,Male
Abbott,acaudrelierq9@go.com,Male
Alexandro,aswabeyqa@smh.com.au,Male
Taryn,tallattqb@plala.or.jp,Female
Eric,eharkusqc@digg.com,Male
Ethelred,ekubyszekqd@list-manage.com,Agender
Ruthy,rattyeoqe@yellowbook.com,Female
Bryce,bgiuronqf@usgs.gov,Agender
Yulma,ydemicoliqg@deliciousdays.com,Agender
Alva,acayleyqh@disqus.com,Male
Bank,bgiacomozzoqi@facebook.com,Male
Leanna,lmulvyqj@seattletimes.com,Female
Meaghan,mendricciqk@multiply.com,Female
Thibaud,tscotchmerql@weather.com,Male
Ursuline,uabrahimqm@msn.com,Polygender
Alyosha,akeitleyqn@themeforest.net,Genderfluid
Kylen,kdagnallqo@constantcontact.com,Female
Yorgo,ycorringhamqp@dion.ne.jp,Male
Celisse,csawkinsqq@statcounter.com,Female
Willetta,wgaskillqr@google.com,Female
Brannon,bpurchallqs@newyorker.com,Male
Faustine,fwroeqt@youtu.be,Female
Pauly,pjeffryesqu@globo.com,Male
Mikael,makroydqv@globo.com,Genderqueer
Nydia,nmulvyqw@discuz.net,Female
Derwin,dsymersqx@smh.com.au,Male
Erick,ebythewayqy@illinois.edu,Male
Mimi,mnorssisterqz@tuttocitta.it,Female
Erl,ehanleyr0@mit.edu,Male
Hetti,hcarswellr1@hexun.com,Female
Mufi,mdorwoodr2@bravesites.com,Female
Laurel,lcleyner3@com.com,Female
Esmaria,eeppler4@creativecommons.org,Female
Gregoire,gtricer5@printfriendly.com,Male
Sheelah,spavolillor6@utexas.edu,Female
Janela,jcrohanr7@xrea.com,Female
Kippy,kmccallamr8@nba.com,Male
Rustie,rwildashr9@discuz.net,Male
Orella,ostonhardra@hhs.gov,Female
Cassi,cdelleschirb@digg.com,Female
Shay,sadamovrc@feedburner.com,Male
Rochella,rkilfeatherrd@arizona.edu,Female
Eugenie,ephilippre@miibeian.gov.cn,Female
Pooh,prosevearerf@ft.com,Female
Ashleigh,abrourg@php.net,Genderfluid
Crista,cadamsenrh@live.com,Female
Ronni,rbarwickri@shop-pro.jp,Female
Sigrid,swimsettrj@ucoz.ru,Female
Tamarah,tpinardrk@jugem.jp,Female
Artemas,aaleshintsevrl@instagram.com,Male
Danya,dlyfieldrm@nifty.com,Male
Humfried,hlawrencesonrn@sourceforge.net,Male
Skipp,sbutlinro@indiatimes.com,Male
Rayner,rohernrp@intel.com,Genderqueer
Cory,cgyurkorq@naver.com,Non-binary
Prisca,padamiakrr@cnn.com,Female
